{
  "segmentModel": {
    "featureNames": [
      "monthlySpend",
      "dataUsageGb",
      "voiceMinutes",
      "churnRisk",
      "valueScore",
      "acceptedCampaigns",
      "rejectedCampaigns",
      "isNewSubscriber",
      "isLowUsage"
    ],
    "mean": [
      165.24904583333313,
      18.577337499999988,
      445.5966666666667,
      0.29062062500000013,
      0.4189888333333334,
      1.3975,
      1.7666666666666666,
      0.04666666666666667,
      0.027916666666666666
    ],
    "scale": [
      93.02583908453198,
      12.605296487433113,
      278.1651170118606,
      0.17915329230980587,
      0.15708223191576723,
      1.18229737516978,
      1.338427767527594,
      0.21092389359407995,
      0.16473410815277437
    ],
    "classes": [
      "BELIRSIZ",
      "PASIF",
      "RISKLI_KAYIP",
      "YENI_ABONE",
      "YUKSEK_DEGER"
    ],
    "coef": [
      [
        0.1998390319973446,
        0.08004019551852398,
        0.05678915003518073,
        -0.21234653032519415,
        -0.11286718197637546,
        -0.11116403466726453,
        -0.127146399190348,
        -0.5283164077936253,
        0.05885436115051852
      ],
      [
        -2.3508892549931057,
        -0.49041507646445537,
        -0.030553947863457304,
        -0.7015592333524635,
        -0.14112930076884167,
        -0.04762630569511196,
        0.16132666064520387,
        0.06148456608138484,
        0.22815368400876662
      ],
      [
        0.09652008397836807,
        0.19382740716300553,
        0.04305739704000764,
        1.6585667834148794,
        -0.23902318543184034,
        -0.07965962732544932,
        -0.22788630146385763,
        -0.40580789745930274,
        -0.011494022044562064
      ],
      [
        0.2697734276068799,
        0.1436765600243508,
        -0.07143264827935006,
        -0.5746979823836786,
        -0.012147025127678106,
        0.27416754457584974,
        0.20106311294481846,
        1.1732039887991006,
        0.07669031035207971
      ],
      [
        1.784756711410514,
        0.07287091375857367,
        0.0021400490676194844,
        -0.1699630373535454,
        0.5051666933047358,
        -0.03571757688802363,
        -0.007357072935818214,
        -0.300564249627557,
        -0.3522043334668033
      ]
    ],
    "intercept": [
      0.9126149382241548,
      -1.3953857219057777,
      0.32559535504322185,
      -0.4640558470012732,
      0.6212312756396736
    ],
    "testAccuracy": 0.575,
    "nTrain": 2400,
    "nTest": 600
  },
  "conversionModel": {
    "featureNames": [
      "monthlySpend",
      "dataUsageGb",
      "voiceMinutes",
      "churnRisk",
      "valueScore",
      "acceptedCampaigns",
      "rejectedCampaigns",
      "discount",
      "segmentMatch",
      "type_CIHAZ_FIRSATI",
      "type_EK_PAKET",
      "type_SADAKAT",
      "type_TARIFE_YUKSELTME"
    ],
    "mean": [
      164.4968973447627,
      18.622088647292458,
      453.9182521430065,
      0.2926274513903407,
      0.42023336817896734,
      1.3932678235417102,
      1.7813088020071086,
      29.57118962993937,
      0.3612795316746812,
      0.24587079238971357,
      0.24419820196529374,
      0.2623876228308593,
      0.24754338281413338
    ],
    "scale": [
      94.42508461765068,
      12.609837633784606,
      291.3641870430154,
      0.17799536186372814,
      0.1586537591439145,
      1.1811877585696464,
      1.334754635365501,
      14.399235044923277,
      0.394454812963714,
      0.4306023058918445,
      0.429610800751354,
      0.4399322200249025,
      0.4315850512228726
    ],
    "coef": [
      0.029156699064964424,
      0.010577648636954378,
      0.04203739990553417,
      -0.008937918608328188,
      0.09734372273497162,
      -0.043652624712969705,
      -0.0391973465356381,
      0.19850954281001096,
      0.44795477263076255,
      0.06541722922586629,
      0.03399706622509958,
      -0.09421589452961654,
      -0.0030717212008906838
    ],
    "intercept": 0.13037900333032568,
    "testAccuracy": 0.5945,
    "nTrain": 4783,
    "nTest": 1196,
    "campaignTypes": [
      "CIHAZ_FIRSATI",
      "EK_PAKET",
      "SADAKAT",
      "TARIFE_YUKSELTME"
    ]
  },
  "trainedAt": "2026-07-22T20:39:14.157196+00:00"
}